[
  {
    "id": "7e733ca5-39c2-46e4-be92-f5c822192e69",
    "data": [
      {
        "text": "mahal sekali",
        "userDefined": false
      }
    ],
    "isTemplate": false,
    "count": 0,
    "lang": "id",
    "updated": 0
  },
  {
    "id": "04aa3bfb-fb1d-46fe-ae9a-5a743c3c048b",
    "data": [
      {
        "text": "boleh kurang ?",
        "userDefined": false
      }
    ],
    "isTemplate": false,
    "count": 0,
    "lang": "id",
    "updated": 0
  },
  {
    "id": "8bf8431f-319b-4382-b197-b19952f2e892",
    "data": [
      {
        "text": "bisa kurang ?",
        "userDefined": false
      }
    ],
    "isTemplate": false,
    "count": 0,
    "lang": "id",
    "updated": 0
  },
  {
    "id": "d66bace7-a91e-4fd3-b81a-adaee4bdc505",
    "data": [
      {
        "text": "bisa murah ?",
        "userDefined": false
      }
    ],
    "isTemplate": false,
    "count": 0,
    "lang": "id",
    "updated": 0
  },
  {
    "id": "66843674-565a-442e-b565-8a9d3a53a3bd",
    "data": [
      {
        "text": "boleh nawar  nggak ?",
        "userDefined": false
      }
    ],
    "isTemplate": false,
    "count": 0,
    "lang": "id",
    "updated": 0
  },
  {
    "id": "c7cc23b4-75cb-490e-9836-479f8989ace6",
    "data": [
      {
        "text": "mahal amat ?",
        "userDefined": false
      }
    ],
    "isTemplate": false,
    "count": 0,
    "lang": "id",
    "updated": 0
  },
  {
    "id": "a74f2938-59d4-479e-9c54-fc065f47ccad",
    "data": [
      {
        "text": "kok mahal",
        "userDefined": false
      }
    ],
    "isTemplate": false,
    "count": 0,
    "lang": "id",
    "updated": 0
  },
  {
    "id": "09b61ddf-6a18-4688-ad89-dab64438535c",
    "data": [
      {
        "text": "nggak bisa murah ?",
        "userDefined": false
      }
    ],
    "isTemplate": false,
    "count": 0,
    "lang": "id",
    "updated": 0
  }
]