[
  {
    "id": "067d898d-9099-4a6c-ac9c-49c429493d3a",
    "data": [
      {
        "text": "cara menggunakan",
        "userDefined": false
      }
    ],
    "isTemplate": false,
    "count": 0,
    "lang": "id",
    "updated": 0
  },
  {
    "id": "47ff5d5b-a1d5-4e66-a6ba-f0364ef61842",
    "data": [
      {
        "text": "ajarin caranya",
        "userDefined": false
      }
    ],
    "isTemplate": false,
    "count": 0,
    "lang": "id",
    "updated": 0
  },
  {
    "id": "bc5c019c-c545-44d9-9ca8-593fec18a2be",
    "data": [
      {
        "text": "saya minta tolong",
        "userDefined": false
      }
    ],
    "isTemplate": false,
    "count": 0,
    "lang": "id",
    "updated": 0
  },
  {
    "id": "a1f671c3-f5fc-449d-a59c-005a7cb61e05",
    "data": [
      {
        "text": "bantuan",
        "userDefined": false
      }
    ],
    "isTemplate": false,
    "count": 0,
    "lang": "id",
    "updated": 0
  },
  {
    "id": "c9a728a1-2559-45d6-8446-0a5f8264d30f",
    "data": [
      {
        "text": "cara menggunakan bagaimana ?",
        "userDefined": false
      }
    ],
    "isTemplate": false,
    "count": 0,
    "lang": "id",
    "updated": 0
  },
  {
    "id": "0246528f-cd5c-45dc-a46e-a53d72b8865e",
    "data": [
      {
        "text": "cara make nya gimana ?",
        "userDefined": false
      }
    ],
    "isTemplate": false,
    "count": 0,
    "lang": "id",
    "updated": 0
  },
  {
    "id": "a452b9b8-71c2-4d2d-a38d-81a5e72801f1",
    "data": [
      {
        "text": "help",
        "userDefined": false
      }
    ],
    "isTemplate": false,
    "count": 0,
    "lang": "id",
    "updated": 0
  },
  {
    "id": "1f571f4d-046c-4092-84ce-cccd57a795ef",
    "data": [
      {
        "text": "cara menggunakan?",
        "userDefined": false
      }
    ],
    "isTemplate": false,
    "count": 0,
    "lang": "id",
    "updated": 0
  },
  {
    "id": "65320ed1-2fb5-4188-96b6-2d67309a77a1",
    "data": [
      {
        "text": "saya nggak ngerti cara makenya",
        "userDefined": false
      }
    ],
    "isTemplate": false,
    "count": 0,
    "lang": "id",
    "updated": 0
  },
  {
    "id": "d5fcdc04-91c4-46e1-a329-242efa8371fe",
    "data": [
      {
        "text": "bagaimana cara",
        "userDefined": false
      }
    ],
    "isTemplate": false,
    "count": 0,
    "lang": "id",
    "updated": 0
  },
  {
    "id": "76ed28b2-39fb-40fa-a1de-5088fa4cc864",
    "data": [
      {
        "text": "minta bantuan",
        "userDefined": false
      }
    ],
    "isTemplate": false,
    "count": 0,
    "lang": "id",
    "updated": 0
  },
  {
    "id": "419340e9-977d-4d7b-9610-22e51f0a16b8",
    "data": [
      {
        "text": "pandu saya",
        "userDefined": false
      }
    ],
    "isTemplate": false,
    "count": 0,
    "lang": "id",
    "updated": 0
  },
  {
    "id": "40303b0a-1dcc-418d-be57-72b4b1151092",
    "data": [
      {
        "text": "ajari saya",
        "userDefined": false
      }
    ],
    "isTemplate": false,
    "count": 0,
    "lang": "id",
    "updated": 0
  },
  {
    "id": "db1c6768-3f27-4cc5-aa09-0c59adcac084",
    "data": [
      {
        "text": "bagaimana caranya ?",
        "userDefined": false
      }
    ],
    "isTemplate": false,
    "count": 0,
    "lang": "id",
    "updated": 0
  }
]