[
  {
    "value": "1",
    "synonyms": [
      "1",
      "satu"
    ]
  },
  {
    "value": "1/2",
    "synonyms": [
      "1/2",
      "setengah"
    ]
  },
  {
    "value": "10",
    "synonyms": [
      "10",
      "sepuluh"
    ]
  },
  {
    "value": "2",
    "synonyms": [
      "2",
      "dua"
    ]
  },
  {
    "value": "3",
    "synonyms": [
      "3",
      "tiga"
    ]
  },
  {
    "value": "4",
    "synonyms": [
      "4",
      "empat"
    ]
  },
  {
    "value": "5",
    "synonyms": [
      "5",
      "lima"
    ]
  },
  {
    "value": "6",
    "synonyms": [
      "6",
      "enam"
    ]
  },
  {
    "value": "7",
    "synonyms": [
      "7",
      "tujuh"
    ]
  },
  {
    "value": "8",
    "synonyms": [
      "8",
      "delapan"
    ]
  },
  {
    "value": "9",
    "synonyms": [
      "9",
      "sembilan"
    ]
  }
]