[
  {
    "value": "Bakso Bihun",
    "synonyms": [
      "Bakso Bihun",
      "bihun"
    ]
  },
  {
    "value": "Bakso Campur",
    "synonyms": [
      "Bakso Campur",
      "campur"
    ]
  },
  {
    "value": "Bakso Mie",
    "synonyms": [
      "Bakso Mie",
      "bakso",
      "bakso mi"
    ]
  },
  {
    "value": "Bakso Pangsit Goreng",
    "synonyms": [
      "Bakso Pangsit Goreng",
      "pangsit",
      "pangsit goreng"
    ]
  },
  {
    "value": "Mie Ayam Jamur",
    "synonyms": [
      "Mie Ayam Jamur",
      "jamur"
    ]
  },
  {
    "value": "Mie Ayam Yamin",
    "synonyms": [
      "Mie Ayam Yamin",
      "ayam",
      "mi ayam",
      "mie ayam",
      "yamin"
    ]
  },
  {
    "value": "Mie Goreng",
    "synonyms": [
      "Mie Goreng",
      "mi goreng"
    ]
  },
  {
    "value": "Mie Rebus",
    "synonyms": [
      "Mie Rebus",
      "mi rebus"
    ]
  },
  {
    "value": "Nasi Goreng",
    "synonyms": [
      "Nasi Goreng",
      "nasi goreng"
    ]
  },
  {
    "value": "Kerupuk kulit",
    "synonyms": [
      "Kerupuk kulit",
      "kerupuk"
    ]
  },
  {
    "value": "Tahu isi",
    "synonyms": [
      "Tahu isi",
      "tahu"
    ]
  }
]